controller,steps,charge_time_min,final_soc,target_soc,time_to_80_soc_min,time_to_90_soc_min,peak_pack_voltage_v,peak_pack_temperature_c,peak_voltage_imbalance_mv,mean_charge_current_a,peak_charge_current_a,rms_charge_current_a,charge_throughput_ah,energy_in_kwh,safety_event_count,safety_event_timesteps
cccv,120,6.624089551522047,0.23293017216516515,0.8,,,71.68313310627867,25.015863434433495,43.49604993265599,0.7429293334484103,0.7429293334484101,0.74292933344841,0.0813370030264677,0.005786547842756687,0,0
mpc,120,6.624089551522047,0.22730403351211043,0.8,,,71.23199693118566,25.010997649308432,36.23805619247378,0.6160122389843067,0.619107777873675,0.616522765423264,0.06755300111301868,0.0047813609051454466,0,0
