controller,steps,charge_time_min,final_soc,target_soc,time_to_80_soc_min,time_to_90_soc_min,peak_pack_voltage_v,peak_pack_temperature_c,peak_voltage_imbalance_mv,mean_charge_current_a,peak_charge_current_a,rms_charge_current_a,charge_throughput_ah,energy_in_kwh,safety_event_count,safety_event_timesteps
cccv,120,10.0,0.6531466027623277,0.8,,,64.75513500251228,31.994877552964546,93.41505401556338,6.7786685943603535,6.778668594360352,6.778668594360351,1.1203632815678914,0.06746127834372713,0,0
mpc,120,10.0,0.6506288477362024,0.8,,,64.70620203288809,31.994070980985047,93.0660565563075,6.741009324391685,6.778668594360352,6.748789153397372,1.116440440946155,0.06717709667365235,0,0
